<?xml version="1.0" encoding="UTF-8"?>
<CustomField xmlns="http://soap.sforce.com/2006/04/metadata">
    <fullName>MR_DT_Percent_Availability__c</fullName>
    <description>this field stores the percent availability of the resource over the date horizon specified by the user.  It is calculated as blocked hours/job duration, where blocked hours is the sum of resource absences and overlapping service appointments.</description>
    <externalId>false</externalId>
    <label>% Availability</label>
    <length>10</length>
    <required>false</required>
    <trackHistory>false</trackHistory>
    <type>Text</type>
    <unique>false</unique>
</CustomField>
