<?xml version="1.0" encoding="UTF-8"?>
<CustomField xmlns="http://soap.sforce.com/2006/04/metadata">
    <fullName>MR_DT_Skills_Matched__c</fullName>
    <description>This stores the actual list of skills and skill levels matched for the technician vs what is required on the work order</description>
    <externalId>false</externalId>
    <label>Skill Levels Match</label>
    <length>1000</length>
    <trackHistory>false</trackHistory>
    <type>LongTextArea</type>
    <visibleLines>3</visibleLines>
</CustomField>
