<?xml version="1.0" encoding="UTF-8"?>
<CustomField xmlns="http://soap.sforce.com/2006/04/metadata">
    <fullName>MR_Creation_Status__c</fullName>
    <description>Draft = working on the record
Deleted = marked for deleting
Updated = change dates
ChangeTech = change technician</description>
    <externalId>false</externalId>
    <inlineHelpText>Draft = working on the record
Deleted = marked for deleting
Updated = change dates
ChangeTech = change technician</inlineHelpText>
    <label>MR Create/Update Status</label>
    <required>false</required>
    <trackHistory>false</trackHistory>
    <type>Picklist</type>
    <valueSet>
        <restricted>true</restricted>
        <valueSetDefinition>
            <sorted>false</sorted>
            <value>
                <fullName>Draft</fullName>
                <default>false</default>
                <label>Draft</label>
            </value>
            <value>
                <fullName>Confirmed</fullName>
                <default>true</default>
                <label>Confirmed</label>
            </value>
            <value>
                <fullName>Deleted</fullName>
                <default>false</default>
                <label>Deleted</label>
            </value>
            <value>
                <fullName>Updated</fullName>
                <default>false</default>
                <label>Updated</label>
            </value>
            <value>
                <fullName>ChangeTech</fullName>
                <default>false</default>
                <label>ChangeTech</label>
            </value>
        </valueSetDefinition>
    </valueSet>
</CustomField>
