<?xml version="1.0" encoding="UTF-8"?>
<CustomField xmlns="http://soap.sforce.com/2006/04/metadata">
    <fullName>MR_DT_Skill_Name_and_Level__c</fullName>
    <externalId>false</externalId>
    <formula>If(ISBLANK(SkillLevel), Skill.MasterLabel , Skill.MasterLabel &amp; &quot; - &quot; &amp; TEXT(SkillLevel))</formula>
    <formulaTreatBlanksAs>BlankAsZero</formulaTreatBlanksAs>
    <label>Skill Name and Level</label>
    <required>false</required>
    <trackHistory>false</trackHistory>
    <type>Text</type>
    <unique>false</unique>
</CustomField>
