<?xml version="1.0" encoding="UTF-8"?>
<CustomObject xmlns="http://soap.sforce.com/2006/04/metadata">
    <actionOverrides>
        <actionName>CancelEdit</actionName>
        <type>Default</type>
    </actionOverrides>
    <actionOverrides>
        <actionName>CancelEdit</actionName>
        <formFactor>Large</formFactor>
        <type>Default</type>
    </actionOverrides>
    <actionOverrides>
        <actionName>CancelEdit</actionName>
        <formFactor>Small</formFactor>
        <type>Default</type>
    </actionOverrides>
    <actionOverrides>
        <actionName>Clone</actionName>
        <type>Default</type>
    </actionOverrides>
    <actionOverrides>
        <actionName>Clone</actionName>
        <formFactor>Large</formFactor>
        <type>Default</type>
    </actionOverrides>
    <actionOverrides>
        <actionName>Clone</actionName>
        <formFactor>Small</formFactor>
        <type>Default</type>
    </actionOverrides>
    <actionOverrides>
        <actionName>Delete</actionName>
        <type>Default</type>
    </actionOverrides>
    <actionOverrides>
        <actionName>Delete</actionName>
        <formFactor>Large</formFactor>
        <type>Default</type>
    </actionOverrides>
    <actionOverrides>
        <actionName>Delete</actionName>
        <formFactor>Small</formFactor>
        <type>Default</type>
    </actionOverrides>
    <actionOverrides>
        <actionName>Edit</actionName>
        <type>Default</type>
    </actionOverrides>
    <actionOverrides>
        <actionName>Edit</actionName>
        <formFactor>Large</formFactor>
        <type>Default</type>
    </actionOverrides>
    <actionOverrides>
        <actionName>Edit</actionName>
        <formFactor>Small</formFactor>
        <type>Default</type>
    </actionOverrides>
    <actionOverrides>
        <actionName>GeneratePdf</actionName>
        <type>Default</type>
    </actionOverrides>
    <actionOverrides>
        <actionName>GeneratePdf</actionName>
        <formFactor>Large</formFactor>
        <type>Default</type>
    </actionOverrides>
    <actionOverrides>
        <actionName>GeneratePdf</actionName>
        <formFactor>Small</formFactor>
        <type>Default</type>
    </actionOverrides>
    <actionOverrides>
        <actionName>List</actionName>
        <type>Default</type>
    </actionOverrides>
    <actionOverrides>
        <actionName>List</actionName>
        <formFactor>Large</formFactor>
        <type>Default</type>
    </actionOverrides>
    <actionOverrides>
        <actionName>List</actionName>
        <formFactor>Small</formFactor>
        <type>Default</type>
    </actionOverrides>
    <actionOverrides>
        <actionName>New</actionName>
        <type>Default</type>
    </actionOverrides>
    <actionOverrides>
        <actionName>New</actionName>
        <formFactor>Large</formFactor>
        <type>Default</type>
    </actionOverrides>
    <actionOverrides>
        <actionName>New</actionName>
        <formFactor>Small</formFactor>
        <type>Default</type>
    </actionOverrides>
    <actionOverrides>
        <actionName>SaveEdit</actionName>
        <type>Default</type>
    </actionOverrides>
    <actionOverrides>
        <actionName>SaveEdit</actionName>
        <formFactor>Large</formFactor>
        <type>Default</type>
    </actionOverrides>
    <actionOverrides>
        <actionName>SaveEdit</actionName>
        <formFactor>Small</formFactor>
        <type>Default</type>
    </actionOverrides>
    <actionOverrides>
        <actionName>Tab</actionName>
        <type>Default</type>
    </actionOverrides>
    <actionOverrides>
        <actionName>Tab</actionName>
        <formFactor>Large</formFactor>
        <type>Default</type>
    </actionOverrides>
    <actionOverrides>
        <actionName>Tab</actionName>
        <formFactor>Small</formFactor>
        <type>Default</type>
    </actionOverrides>
    <actionOverrides>
        <actionName>View</actionName>
        <comment>Action override created by Lightning App Builder during activation.</comment>
        <content>Service_Appointment_Record_Page</content>
        <formFactor>Large</formFactor>
        <skipRecordTypeSelect>false</skipRecordTypeSelect>
        <type>Flexipage</type>
    </actionOverrides>
    <actionOverrides>
        <actionName>View</actionName>
        <comment>Action override created by Lightning App Builder during activation.</comment>
        <content>Service_Appointment_Record_Page</content>
        <formFactor>Small</formFactor>
        <skipRecordTypeSelect>false</skipRecordTypeSelect>
        <type>Flexipage</type>
    </actionOverrides>
    <actionOverrides>
        <actionName>View</actionName>
        <type>Default</type>
    </actionOverrides>
    <compactLayoutAssignment>SYSTEM</compactLayoutAssignment>
    <enableFeeds>false</enableFeeds>
    <externalSharingModel>Private</externalSharingModel>
    <searchLayouts>
        <customTabListAdditionalFields>ParentRecord</customTabListAdditionalFields>
        <customTabListAdditionalFields>ParentRecordType</customTabListAdditionalFields>
        <customTabListAdditionalFields>Status</customTabListAdditionalFields>
        <customTabListAdditionalFields>ArrivalWindowStartTime</customTabListAdditionalFields>
        <customTabListAdditionalFields>ArrivalWindowEndTime</customTabListAdditionalFields>
        <lookupDialogsAdditionalFields>ParentRecord</lookupDialogsAdditionalFields>
        <lookupDialogsAdditionalFields>ParentRecordType</lookupDialogsAdditionalFields>
        <lookupDialogsAdditionalFields>Status</lookupDialogsAdditionalFields>
        <lookupDialogsAdditionalFields>ArrivalWindowStartTime</lookupDialogsAdditionalFields>
        <lookupDialogsAdditionalFields>ArrivalWindowEndTime</lookupDialogsAdditionalFields>
        <lookupPhoneDialogsAdditionalFields>ParentRecord</lookupPhoneDialogsAdditionalFields>
        <lookupPhoneDialogsAdditionalFields>ParentRecordType</lookupPhoneDialogsAdditionalFields>
        <lookupPhoneDialogsAdditionalFields>Status</lookupPhoneDialogsAdditionalFields>
        <lookupPhoneDialogsAdditionalFields>ArrivalWindowStartTime</lookupPhoneDialogsAdditionalFields>
        <lookupPhoneDialogsAdditionalFields>ArrivalWindowEndTime</lookupPhoneDialogsAdditionalFields>
        <searchResultsAdditionalFields>ParentRecord</searchResultsAdditionalFields>
        <searchResultsAdditionalFields>ParentRecordType</searchResultsAdditionalFields>
        <searchResultsAdditionalFields>Status</searchResultsAdditionalFields>
        <searchResultsAdditionalFields>ArrivalWindowStartTime</searchResultsAdditionalFields>
        <searchResultsAdditionalFields>ArrivalWindowEndTime</searchResultsAdditionalFields>
    </searchLayouts>
    <sharingModel>ReadWrite</sharingModel>
</CustomObject>
