<?xml version="1.0" encoding="UTF-8"?>
<CustomField xmlns="http://soap.sforce.com/2006/04/metadata">
    <fullName>MR_Estimated_Calendar_Days__c</fullName>
    <description>This is the estimate of how many days are needed for the job</description>
    <externalId>false</externalId>
    <inlineHelpText>This is the estimate of how many days are needed for the job</inlineHelpText>
    <label>MR Estimated Calendar Days</label>
    <precision>18</precision>
    <required>false</required>
    <scale>0</scale>
    <trackFeedHistory>false</trackFeedHistory>
    <trackHistory>false</trackHistory>
    <type>Number</type>
    <unique>false</unique>
</CustomField>
