<?xml version="1.0" encoding="UTF-8"?>
<CustomField xmlns="http://soap.sforce.com/2006/04/metadata">
    <fullName>MR_Hours_To_Be_Created__c</fullName>
    <description>This is the Total Duration minus the Hours Created. A positive number here means you may need to create additional service appointments.</description>
    <externalId>false</externalId>
    <formula>MR_Total_Hours_Required__c -  MR_Hours_Created__c</formula>
    <formulaTreatBlanksAs>BlankAsZero</formulaTreatBlanksAs>
    <inlineHelpText>This is the Total Duration minus the Hours Created. A positive number here means you may need to create additional service appointments.</inlineHelpText>
    <label>MR Hours To Be Created</label>
    <precision>18</precision>
    <required>false</required>
    <scale>1</scale>
    <trackHistory>false</trackHistory>
    <type>Number</type>
    <unique>false</unique>
</CustomField>
