<?xml version="1.0" encoding="UTF-8"?>
<CustomField xmlns="http://soap.sforce.com/2006/04/metadata">
    <fullName>MR_Trigger_Cleanup__c</fullName>
    <defaultValue>false</defaultValue>
    <description>This field is set whenever the multi-resource scheduling flow is started. It is used to trigger the execution of a time based flow, which will delete any SAs that were created but not assigned to technicians.</description>
    <externalId>false</externalId>
    <label>MR Trigger Cleanup</label>
    <trackFeedHistory>false</trackFeedHistory>
    <trackHistory>false</trackHistory>
    <type>Checkbox</type>
</CustomField>
